title,author,narrator,series,runtime (in minutes),release_date,language,total_ratings,stars (out of 5),price (in rupees)
The Art of Influencing People,Virender Kapoor,Rajat Verman,NA,38,03-05-18,English,26,4,0
Vaishali Ki Nagarvadhu [City of Vaishali],Acharya Chatursen,Ashish Bhandari,NA,1433,10-06-20,Hindi,138,4.5,0
Kaisa Kutta Hai [What Kind of Dog Is That],Rahgir,Rishi Upadhyay,NA,158,07-02-24,Hindi,1,4,233.00
21 Shreshth Kahaniyan Prem Chand (Hindi Edition),Munshi Premchand,Avdhesh Tondak,NA,464,19-07-21,Hindi,159,5,0
41 Anmol Kahaniya [41 Priceless Stories],Premchand,Prachi Chaube,NA,928,14-10-21,Hindi,43,4.5,1003.00
Kautilya Arthshastra (Hindi Edition),Chanakya,Ashwini Walia,NA,360,26-02-20,Hindi,40,4.5,0
An Economic History of the World since 1400,"Donald J. Harreld, The Great Courses",Donald J. Harreld,The Great Courses: Business & Economics,1465,19-08-16,English,101,4.5,1774.00
Home,Whitney Hanson,Whitney Hanson,NA,121,22-02-24,English,0,0,759.00
Lapoojhanna (Hindi Edition),Ashok Pande,Anil Datt,NA,575,07-02-24,Hindi,1,4,668.00
Chandpur Ki Chanda (Hindi Edition),Atul Kumar Rai,Kumud Soney,NA,717,07-02-24,Hindi,0,0,836.00
Understanding the Mysteries of Human Behavior,"Mark Leary, The Great Courses",Mark Leary,The Great Courses: Psychology,731,08-07-13,English,72,4.5,1171.00
It's Not You,Ramani Durvasula,Ramani Durvasula,NA,691,22-02-24,English,0,0,957.00
The Guy Next Door (Hindi Edition),Nylla C,Pallavi Bharti,NA,2203,15-12-23,Hindi,17,5,0
Supercommunicators,Charles Duhigg,Charles Duhigg,NA,448,22-02-24,English,0,0,1093.00
The First Rule of Mastery,"Michael Gervais, Kevin Lake - contributor",Michael Gervais,NA,303,20-02-24,English,0,0,586.00
The Blue Umbrella,Ruskin Bond,Adnan Kapadia,NA,51,01-01-17,English,195,4.5,0
Pride and Prejudice,Jane Austen,Rosamund Pike,Jane Austen's Novels,695,08-12-15,English,460,5,836.00
Gaban [Embezzlement],Munshi Premchand,Sameer Goswami,NA,696,21-02-22,Hindi,63,4.5,0
Mahabharat Katha [Mahabharata Story],Amritlal Nagar,Mala Mangla,NA,641,14-10-21,Hindi,77,4.5,0
A Brief History of the World,"Peter N. Stearns, The Great Courses",Peter N. Stearns,The Great Courses: Modern History,1142,08-07-13,English,21,4.5,1405.00
Great Mythologies of the World,"The Great Courses, Grant L. Voth, Julius H. Bailey, Kathryn McClymond, Robert André LaFleur","Grant L. Voth, Julius H. Bailey, Kathryn McClymond, Robert André LaFleur",The Great Courses: World Literature,1896,21-08-15,English,20,4.5,2008.00
Sunderkand (Hindi Edition),Goswami Tulsidas,Neeraj Yadav,NA,203,25-10-22,Hindi,102,5,501.00
Satya Ke Sath Mere Prayog [My Experiment with Truth],M. K. Gandhi,Babla Kochhar,NA,1374,25-06-19,Hindi,213,4.5,0
The Art of Focus,Dan Koe,Dan Koe,NA,412,16-01-24,English,3,5,668.00
Forge Your Future,A. P. J. Kalam,Errol Rodrigues,NA,337,01-11-18,English,23,4.5,0
You Are the Best Wife,Ajay K. Pandey,Shlok Menon,NA,449,09-01-17,English,352,4.5,0
Panchatantra (Hindi Edition),Vishnu Sharma,Atul Arya,NA,341,29-06-22,Hindi,61,5,0
Million Dollar Weekend,Noah Kagan,Noah Kagan,NA,273,30-01-24,English,10,5,957.00
"Dont Lose Out, Work Out!",Rujuta Diwekar,Farah Bala,NA,474,01-01-17,English,78,4.5,0
Your Deceptive Mind: A Scientific Guide to Critical Thinking Skills,"Steven Novella, The Great Courses",Steven Novella,The Great Courses: Professional,759,08-07-13,English,34,4.5,1171.00
Autobiography of a Yogi (Hindi Edition),Paramahansa Yogananda,Shashi Chaturvedi,NA,1426,14-10-21,Hindi,299,4.5,1171.00
"The Sandman, Act I (Hindi Edition)","Neil Gaiman, Dirk Maggs","Tabu, Vijay Varma, Manoj Bajpayee, Sushant Divgikar, Adarsh Gourav, Neeraj Kabi, Kubbra Sait, Tillotama Shome, full cast","The Sandman (Hindi Edition), Book 1",663,27-04-22,Hindi,385,4.5,0
Shiv Puran (Hindi Edition),Dr. Vinay,Neeraj Yadav,NA,474,19-07-21,Hindi,153,5,0
My Gita,Devdutt Pattanaik,Vivek Madan,NA,375,01-01-17,English,"1,102",4.5,255.00
Gita,Pranay,Kanchan Bhattacharyya,NA,280,28-07-21,English,59,4.5,0
The Quick and Easy Way to Effective Speaking,Dale Carnegie,Avinash Kumar Singh,NA,399,14-06-18,English,53,4.5,0
Babylon Ka Sabse Ameer Aadami [The Richest Man in Babylon],George S. Clason,Avdhesh Tondak,NA,286,24-10-22,Hindi,124,4.5,0
Complete Chanakya Neeti,R.P. Jain,Nathan Dcosta,NA,240,22-07-21,English,285,4.5,0
Harmony,Whitney Hanson,Whitney Hanson,NA,102,22-02-24,English,0,0,759.00
Make Epic Money,Ankur Warikoo,Ankur Warikoo,NA,242,30-01-24,English,10,4.5,879.00
Sochiye Aur Ameer Baniye [Think and Be Rich],Napoleon Hill,Dinesh Verma,NA,670,09-01-19,Hindi,305,5,254.00
श्रीमद्भगवद्गीता रहस्य अथवा कर्मयोग शास्त्र [Shrimad Bhagavad Gita Rahasya Athva Karma Yoga Shastra],Bal Gangadhar Tilak,Sameer Goswami,NA,2471,17-01-24,Hindi,1,5,139.00
Think and Grow Rich,Napoleon Hill,Erik Synnestvedt,NA,575,16-10-07,English,39,4.5,836.00
Garuda Puran,Dr. Vinay,Sarvesh Vyas,NA,368,19-07-21,Hindi,92,4.5,0
The History of Ancient Egypt,"Bob Brier, The Great Courses",Bob Brier,The Great Courses: Ancient History,1465,08-07-13,English,72,5,1774.00
No More Mr. Nice Guy,Dr Robert Glover,Dr Robert Glover,NA,409,21-12-17,English,322,4.5,938.00
Yogi Kathamrit (Ek Yogi Ki Atmakatha) [Autobiography of a Yogi],Paramahansa Yogananda,Atul Kapoor,NA,1207,27-12-23,Hindi,2,5,0
Satyajit Ray Ki Kahaniyan [Stories of Satyajit Ray],Satyajit Rai,Hemant Saini,NA,492,24-05-19,Hindi,82,4.5,0
Get Organized: Do More in Less Time,"Ciara Conlon, The Great Courses",Ciara Conlon,NA,285,21-01-20,English,457,4.5,1003.00
Valmiki Ramayan (Hindi Edition),Valmiki,Ashwini Walia,NA,437,15-06-22,Hindi,150,4.5,0
Dark Horse: Ek Ankahi Dastan (Hindi Edition),Nilotpal Mrinal,Nilotpal Mrinal,NA,373,03-11-20,Hindi,384,5,668.00
Laal Chowk [Red Square],Rohin Kumar,Sumit Kaul,NA,606,07-02-24,Hindi,1,5,836.00
Fourth Wing (Part 2 of 2) (Dramatized Adaptation),Rebecca Yarros,"full cast, Robb Moreira, Megan Poppy, James Konicek, Khaya Fraites, Gabriel Michael, LaMont Ridgell, Taylor Coan, Torian Brackett, Rob McFadyen, Laura C. Harris, Jessica Lauren Ball","Empyrean, Book Book 1, Part 2",562,09-02-24,English,0,0,820.00
Ikigai (Hindi Edition),"Hector Garcia, Fransesc Miralles",Poonam Shrivastav,Ikigai (Hindi Edition),282,14-12-22,Hindi,74,4.5,501.00
My Experiments with Truth,Mohandas K. Gandhi,Surjan Singh,NA,1151,14-10-21,English,49,4.5,0
Introduction to Psychology,"Catherine A. Sanderson, The Great Courses",Professor Catherine A. Sanderson,NA,1087,23-04-21,English,21,4.5,1405.00
Meri Gita,Devdutt Pattanaik,Ajay Raj Tomar,NA,459,04-10-17,Hindi,308,4.5,268.00
Why I Am an Atheist and Other Works,Bhagat Singh,Siddhanta Pinto,NA,180,08-04-20,English,295,4.5,0
Da Big Dakka,Mike Brooks,Harry Myers,"Warhammer 40,000",565,24-02-24,English,0,0,1138.00
"Surely You're Joking, Mr. Feynman!",Richard P. Feynman,Raymond Todd,NA,691,27-12-98,English,507,4.5,773.00
Jin Sutra Vol.1,OSHO,OSHO,NA,1017,26-05-17,Hindi,19,5,284.00
A Little History of Economics,Niall Kishtainy,Steven Crossley,Little Histories Series,592,07-03-17,English,142,4.5,820.00
Art of Seduction,Robert Greene,Joseph Powers,NA,1371,01-05-15,English,139,4.5,820.00
Fingerprints of the Gods,Graham Hancock,Graham Hancock,NA,1111,09-06-16,English,52,4.5,873.00
HBR Guide to Your Job Search,Harvard Business Review,"Kitty Hendrix, Al Kessel",NA,250,06-02-24,English,0,0,586.00
Generative AI,Harvard Business Review,"Randye Kaye, Mike Lenz",HBR Insights Series,184,27-02-24,English,0,0,351.00
Dharmayoddha Kalki: Avatar of Vishnu,Kevin Missal,Manish Dongardive,"Kalki Trilogy, Book 1",754,14-10-21,English,239,4,836.00
Shrimad Bhagwad Gita (Hindi Edition),R. R. Varma,Kumud Soney,NA,1556,26-10-21,Hindi,152,4.5,0
The Favor,Suzanne Wright,Samantha Cook,NA,923,12-01-21,English,25,4.5,703.00
The Compound Effect,Darren Hardy,Darren Hardy,NA,284,22-01-19,English,"2,667",4.5,608.00
Evolve Your Brain,Joe Dispenza,Sean Runnette,NA,1117,17-01-17,English,94,4.5,1172.00
The Chaos Agent,Mark Greaney,Jay Snyder,"Gray Man, Book 13",1055,20-02-24,English,1,5,1003.00
The Richest Man in Babylon,George S. Clason,Grover Gardner,NA,244,30-12-12,English,453,4.5,501.00
Twisted Hate,Ana Huang,"Cindy Kay, Aiden Snow","Twisted, Book 3",900,19-07-22,English,65,4.5,703.00
Chanakya Aur Chandragupt [Chanakya and Chandragupta],Rajender Pandya,Errol Rodrigues,NA,360,19-07-21,Hindi,152,4.5,0
Ramayana Banaam Mahabharata [Ramayana vs. Mahabharata],Devdutt Pattanaik,Sarvesh Vyas,NA,379,26-02-20,Hindi,42,4.5,0
The Alchemist (Hindi Edition),"Paulo Coelho, Anu Singh - translator",Babla Kochhar,NA,396,26-03-19,Hindi,"1,016",4.5,214.00
Kalki Puran (Hindi Edition),Dr. Vinay,Avdhesh Tondak,NA,370,19-07-21,Hindi,32,5,0
Kasturi Kundal Basai,OSHO,OSHO,NA,900,26-05-17,Hindi,43,5,284.00
30 Din Mein Bane Share market Mein Safal Niveshak [Become a Successful Investor in Share Market in 30 Days],Amol Gandhi,Trishaan,NA,240,19-07-21,Hindi,18,4,0
The Bookworm Crush,Lisa Brown Roberts,Heather Wynne,NA,634,14-01-20,English,11,4.5,703.00
Narmadayan (Marathi Edition),Uday Nagnath,Sachin Suresh,NA,487,09-03-23,Hindi,14,4.5,668.00
Jeevan Jine Ki Kala,Anand Satyarthi,Nitin Sharma,NA,314,19-07-21,Hindi,18,4.5,0
How to Train a Wild Elephant & Other Adventures in Mindfulness,Jan Chozen Bays MD,Jan Chozen Bays MD,NA,366,06-01-15,English,93,4.5,668.00
Cursed (Hindi Edition),Anusree Neogi,Mahjabeen Ali,NA,587,11-02-22,Hindi,139,3.5,0
How to Say It: Words That Make a Difference,"Allison Friederichs Atkison, The Great Courses",Allison Friederichs Atkison,NA,284,14-07-22,English,128,4.5,836.00
The Cthulhu Casebooks: Sherlock Holmes and the Shadwell Shadows,James Lovegrove,Dennis Kleinman,"The Cthulhu Casebooks, Book 1",620,19-11-19,English,24,4,820.00
Think and Grow Rich (Marathi Edition),Napoleon Hill,Pankaj Khamkar,NA,491,26-09-23,Hindi,4,5,668.00
What Do You Care What Other People Think?,"Richard P. Feynman, Ralph Leighton",Raymond Todd,NA,372,26-12-04,English,94,4.5,609.00
The Stand-In,Lily Chu,Phillipa Soo,NA,655,15-07-21,English,199,4.5,1171.00
A History of British India,"The Great Courses, Hayden J. Bellenoit",Hayden J. Bellenoit,The Great Courses: Modern History,731,06-01-17,English,107,4.5,1171.00
Vivekanand [Vivekananda],Rajendra Mohan Bhatnagar,Kafeel Jafri,NA,770,14-10-21,Hindi,49,5,0
Philosophia Ultima,Osho,Osho,NA,1183,24-08-17,English,17,4.5,445.00
The Language of Deception,Justin Hutchens,Mike Chamberlain,NA,638,20-02-24,English,0,0,703.00
Arabian Nights: Volume 1,Marty Ross,"Zahra Ahmadi, Raghad Chaar, Omid Djalili, Walles Hamonde, Mandana Jones, Adam Sina, full cast","Arabian Nights: An Audible Original Drama Series, Book 1",500,15-05-18,English,138,4.5,759.00
Fooled by Randomness,Nassim Nicholas Taleb,Sean Pratt,Incerto,603,07-01-08,English,282,4.5,694.00
Kya Khoya Kya Paya [What Was Lost What Was Found],Atal Bihari Vajpayee,Nitin Sharma,NA,122,14-10-21,Hindi,30,4.5,0
The Marriage Bargain,Jennifer Probst,Coleen Marlo,NA,374,31-07-12,English,15,4.5,702.00
The Great Gatsby,F. Scott Fitzgerald,Jake Gyllenhaal,NA,289,09-04-13,English,420,4.5,501.00
Chandrakanta (Hindi Edition),Devki Nandan Khatri,Manish Singhal,"Chandrakanta Santati [Hindi Edition], Book 1",761,19-07-21,Hindi,40,4.5,0
The Power of Your Subconscious Mind (Marathi Edition),Joseph Murphy,Rohan Phanse,NA,580,19-10-23,Hindi,2,4.5,668.00
Chinta Chhodo Sukh Se Jiyo,Dale Carnegie,Ravinder Singh,NA,657,13-03-19,Hindi,174,5,254.00
Habits for Happiness,"Dr Tim Sharp, Tathagata Mandal - translator",Sameer Goswami,NA,241,02-01-22,Hindi,56,4.5,460.00
The Fifth Phrase,"Joe Vitale, Dan Strutzel - with","Dan Strutzel, Joe Vitale",NA,331,28-01-21,English,7,5,469.00
Krishna Kunji [Krishna Key],Ashwin Sanghi,Ganesh Divekar,NA,911,07-02-18,Hindi,124,4.5,284.00
Maine Ram Ratan Dhan Payo,OSHO,OSHO,NA,1062,26-05-17,Hindi,28,5,284.00
Dead Never Die,Siddharth Nirwan,Tavish Bhattacharya,NA,223,23-03-21,English,27,4,0
Just One Night,Carly Phillips,"Mackenzie Cartwright, Connor Crais","The Kingston Family, Book 1",349,20-04-21,English,33,4.5,820.00
How to Achieve Financial Independence and Retire Early,"JD Roth, The Great Courses",JD Roth,NA,279,16-02-21,English,294,4.5,836.00
Our Fault,Mercedes Ron,"Hugo Locke, Hannah Carmona","Culpable, Book 3",788,13-02-24,English,1,5,703.00
Crave,Tracy Wolff,"Heather Costa, Tim Paige","Crave, Book 1",896,07-04-20,English,13,4.5,820.00
Gaban [Embezzlement],Premchand,Abhishek Sharma,NA,745,14-10-21,Hindi,76,5,0
Tales of Fosterganj,Ruskin Bond,Sam Dastor,NA,191,01-01-17,English,26,4.5,290.00
The Untethered Soul,Michael A. Singer,Peter Berkrot,NA,371,12-12-11,English,359,5,820.00
Malaikallan,Namakkal Kavignar,Deepika Arun,NA,549,26-08-22,Tamil,27,4.5,209.00
Sherlock Holmes: The Definitive Collection,"Stephen Fry - introductions, Arthur Conan Doyle",Stephen Fry,"Sherlock Holmes, Book 1-6",4317,27-02-17,English,"1,049",5,3037.00
The Great Ideas of Psychology,"Daniel N. Robinson, The Great Courses",Daniel N. Robinson,The Great Courses: Psychology,1407,08-07-13,English,11,4.5,1405.00
Aap Kya Nahin Kar Sakte [What Can't You Do?],Swett Marden,Kanchan Bhattacharyya,NA,275,19-07-21,Hindi,7,5,0
Extremely Hardcore,Zoë Schiffer,Jaime Lamchick,NA,522,13-02-24,English,0,0,1005.00
The Little Book of Market Wizards,Jack D. Schwager,Danny Campbell,NA,229,27-07-20,English,13,5,501.00
Neuroscience of Everyday Life,The Great Courses,Professor Sam Wang,NA,1075,11-03-19,English,11,4.5,1405.00
The Women,Kristin Hannah,Julia Whelan,NA,895,15-02-24,English,1,5,323.00
The Power of Concentration,Theron Q. Dumont,Richard Powers,NA,269,13-03-18,English,72,4.5,585.00
Speak to Win,Brian Tracy,Brian Tracy,NA,313,20-11-08,English,19,4.5,468.00
Harappa,Vineet Bajpai,Sandeep Bhatt,"Harappa (Hindi), Book 1",578,14-04-20,Hindi,39,4.5,193.00
The Arts of Seduction,Seema Anand,Swasti Shree Sharma,NA,447,10-12-18,English,98,4.5,462.00
"Change Your Questions, Change Your Life",Marilee Adams,Suzanne Toren,NA,283,09-04-09,English,118,4.5,468.00
Art of War,Sun Tzu,Anand Phursule,NA,104,26-10-21,Hindi,48,4.5,0
Visions of Flesh and Blood,"Jennifer L. Armentrout, Rayvn Salvador - contributor",Stina Nielsen,"Blood and Ash, Book 6",1553,20-02-24,English,0,0,1102.00
12 Essential Scientific Concepts,"The Great Courses, Indre Viskontas",Indre Viskontas,The Great Courses: History of Science,725,07-02-14,English,8,5,1171.00
Vivekananda,Pranay,Ashish Bhandari,NA,192,22-07-21,English,243,4.5,501.00
Kiss That Frog!,"Brian Tracy, Christina Tracy Stein",Brian Tracy,NA,231,01-03-12,English,12,5,656.00
1991,Sanjaya Baru,Avinash Kumar Singh,NA,325,11-07-17,English,204,4.5,511.00
David Copperfield,Charles Dickens,Richard Armitage,NA,2190,09-02-16,English,17,5,1338.00
Sweet Talk,Cara Bastone,"Lidia Dornet, Chris Brinkley",Love Lines,342,22-04-21,English,297,4.5,1003.00
Sita: Warrior of Mithila,Amish,Sagar Arya,"Ram Chandra, Book 2",670,29-08-17,English,"1,137",4.5,215.00
Powerful Self-Confidence,Made for Success,"Zig Ziglar, Chris Widener, Laura Stack, Jeff Davidson, Andrew Richardson, Dr. Larry Iverson, Dianna Booher",NA,468,25-10-16,English,21,4.5,820.00
Vishnu Ke Saat Rahasya [Seven Secrets of Vishnu],Devdutt Pattanaik,Atul Arya,NA,252,13-03-19,Hindi,32,4.5,284.00
The Power of Habit (Hindi Edition),Charles Duhigg,Ravinder Singh,NA,803,09-11-21,Hindi,55,4.5,403.00
Apke Avchetan Man Ki Shakti [The Power of Your Subconscious Mind],Dr. Joseph Murphy,Sanyam Sharma,NA,517,14-02-19,Hindi,634,5,161.00
The Story of Human Language,"John McWhorter, The Great Courses",John McWhorter,The Great Courses: Linguistics,1095,08-07-13,English,40,4.5,1405.00
Women and the Weight Loss Tamasha,Rujuta Diwekar,"Rujuta Diwekar, Kareena Kapoor",NA,698,20-06-17,English,77,4.5,359.00
Maximum Achievement,Brian Tracy,Brian Tracy,NA,805,09-10-17,English,16,5,703.00
Sahaj Yog,OSHO,OSHO,NA,2230,26-05-17,Hindi,70,5,284.00
Ikigai for Young Readers (Hindi Edition),"Hector Garcia, Fransesc Miralles",Ashish Bhandari,Ikigai (Hindi Edition),228,14-12-22,Hindi,25,5,501.00
Leadership,Brian Tracy,Brian Tracy,NA,131,24-03-14,English,24,5,351.00
A Wizard's Guide to Defensive Baking,T. Kingfisher,Patricia Santomasso,NA,510,12-10-21,English,14,5,703.00
The Search,Osho,Osho,NA,823,28-12-15,English,57,5,445.00
The Subtle Art of Not Giving a F--k (Marathi Edition),Mark Manson,Sachin Suresh,The Subtle Art of Not Giving a F*ck,454,09-11-23,Hindi,3,5,668.00
Adult Children of Emotionally Immature Parents,Lindsay C. Gibson PsyD,Marguerite Gavin,NA,410,10-05-16,English,60,5,820.00
Columbus Day,Craig Alanson,R.C. Bray,"Expeditionary Force, Book 1",983,13-12-16,English,40,4.5,1289.00
Stories Short and Sweet,Ruskin Bond,Homer Todiwala,NA,90,16-02-17,English,7,5,177.00
Ikigai (Marathi Edition),"Hector Garcia, Fransesc Miralles, Prasad Dhapre - translator",Shailesh Datar,NA,248,10-01-23,Hindi,43,5,501.00
Anahad Mein Bisram,OSHO,OSHO,NA,945,26-05-17,Hindi,30,5,284.00
We Own Tonight,Corinne Michaels,"Zachary Webber, Andi Arndt","Second Time Around, Book 1",517,19-09-17,English,0,0,668.00
The Counterfeit Candidate,Brian Klein,John Chancer,NA,627,15-07-21,English,71,4.5,937.00
Kulfi and Cappuccino (Hindi Edition),Ashish Chaudhary,Kafeel Jafri,NA,572,24-10-18,Hindi,138,4.5,243.00
Prem Panth Aiso Kathin,OSHO,OSHO,NA,1641,26-05-17,Hindi,19,5,284.00
System Interference,SunriseCV,Adam Verner,"System Universe Series, Book 5",768,14-02-24,English,2,5,836.00
The New Confessions of an Economic Hit Man,John Perkins,Tom Taylorson,NA,742,09-02-16,English,76,4.5,820.00
Absolute Tao,OSHO,OSHO,NA,915,08-12-15,English,26,5,445.00
How to Train Your Mind,Chris Bailey,Chris Bailey,NA,198,14-01-21,English,"1,313",4.5,836.00
Shakespeare Ki Kahaniyaan [Shakespeare's Stories],William Shakespeare,Vipin Singh,NA,253,20-01-22,Hindi,29,5,0
Slightly Dangerous,Mary Balogh,Rosalyn Landor,NA,714,18-04-17,English,15,4.5,1008.00
Jeevan Ka Param Satya (Hindi),OSHO,OSHO,NA,97,01-03-16,Hindi,64,5,167.00
The Picture of Dorian Gray,Oscar Wilde,Russell Tovey,NA,515,26-10-17,English,120,4.5,569.00
Es Dhammo Sanantano Vol. 1,OSHO,OSHO,NA,834,26-05-17,Hindi,28,5,284.00
Vandargal Vendrargal,Madhan,Charles K,NA,763,14-01-08,Tamil,119,5,1003.00
The 7 Principles of Public Speaking,Richard Zeoli,Peter Johnson,NA,300,01-02-13,English,119,4.5,668.00
Harvard Business Review Emotional Intelligence Collection,Harvard Business Review,"Daniel Henning, Rachel Perry","HBR Emotional Intelligence Series, Book 1-4",481,29-12-20,English,6,5,586.00
The Mystwick School of Musicraft,Jessica Khoury,Suzy Jackson,"The Mystwick School of Musicraft, Book 1",498,05-09-19,English,74,5,266.00
How to Stop Worrying and Start Living,Dale Carnegie,Avinash Kumar Singh,NA,582,11-07-18,English,338,4.5,144.00
Think and Grow Rich (1937 Edition),Napoleon Hill,Fred Stella,NA,652,29-12-13,English,85,5,1008.00
"Bulls, Bears and Other Beasts",Santosh Nair,Swetanshu Bora,NA,668,18-01-22,English,590,4.5,836.00
Unreasonable Hospitality,Will Guidara,Will Guidara,NA,517,08-02-24,English,0,0,957.00
Complete Book of Yoga,Swami Vivekananda,Shivam Vig,NA,1696,26-10-22,English,23,5,1338.00
A Little History of the World,E. H. Gombrich,Ralph Cosham,Little Histories Series,551,18-05-06,English,66,4.5,656.00
"Harry Potter and the Deathly Hallows, Book 7",J.K. Rowling,Stephen Fry,"Harry Potter, Book 7, Wizarding World, Book 7",1439,20-11-15,English,"1,315",5,1599.00
"Big History: The Big Bang, Life on Earth, and the Rise of Humanity","David Christian, The Great Courses",David Christian,The Great Courses: Civilization & Culture,1466,08-07-13,English,17,5,1774.00
Buddha’s Diet,"Tara Cottrell, Dan Zigmond",Pam Ward,NA,273,29-08-16,English,124,4.5,702.00
The 12 Week Year,"Brian P. Moran, Michael Lennington",Tom Pile,NA,317,27-07-20,English,59,4.5,656.00
Elantris (Dramatized Adaptation),Brandon Sanderson,"Christopher Graybill, Colleen Delany, David Coyne, Dylan Lynch, Elizabeth Jernigan, James Konicek, Karen Carbone, Ken Jackson, Scott McCormick, Steven Carpenter, Tim Getman","Elantris Series, Book 1",1115,11-08-21,English,22,4.5,1149.00
"Blue Ocean Strategy, Expanded Edition","W. Chan Kim, Renee Mauborgne",Roger Wayne,NA,523,14-07-20,English,54,4.5,586.00
The Ickabog,J.K. Rowling,Stephen Fry,NA,472,10-11-20,English,227,4.5,799.00
Revelation Space,Alastair Reynolds,John Lee,"Revelation Space, Book 1",1332,12-01-09,English,7,4.5,1289.00
1984 (Hindi Edition),George Orwell,Abhishek Sharma,NA,831,26-10-21,Hindi,30,4.5,836.00
Memory Improvement,Ron White,Sean Pratt,NA,259,18-07-13,English,8,5,93.00
"Harry Potter and the Half-Blood Prince, Book 6",J.K. Rowling,Stephen Fry,"Harry Potter, Book 6, Wizarding World, Book 6",1231,20-11-15,English,769,5,1599.00
A Damsel in Distress,P. G. Wodehouse,Jonathan Cecil,NA,429,04-08-17,English,56,4.5,702.00
Helping People Change,"Richard Boyatzis, Melvin Smith, Ellen Van Oosten",Barry Abrams,NA,433,10-09-19,English,5,4.5,586.00
Dilli Darbaar (Hindi Edition),Satya Vyas,Nitin Sharma,NA,318,29-10-18,Hindi,150,4.5,0
Think and Grow Rich (Tamil Edition),Napoleon Hill,Veera,NA,561,18-12-23,Tamil,3,5,668.00
13 Kaam Jo Samajhdar Log Nahi Karte [13 Commonwealth Games],Amy Morin,Pratibha Tiku Sharma,NA,498,10-04-19,Hindi,28,5,284.00
Frankenstein,Mary Shelley,Dan Stevens,NA,515,29-10-13,English,90,4.5,836.00
Jeevan Ke Arth Ki Talaash Me Manushya [Man's Search for Meaning],Viktor E Frankl,Rajesh Bathija,NA,453,01-11-21,Hindi,18,4.5,245.00
Beyond Good and Evil,Friedrich Nietzsche,Steven Van Doren,NA,489,03-08-09,English,9,4.5,836.00
P. G. Wodehouse Volume 2,P. G. Wodehouse,Stephen Fry,"Blandings Castle, Book 3-6",2727,08-07-21,English,62,5,1138.00
Karma Bhoomi [Land of Work],Premchand,Akhtar Qureshi,NA,772,15-06-22,Hindi,21,4.5,0
Wisdom of the Gods for You and Me,Devdutt Pattanaik,Neel Chaudhuri,NA,614,14-10-19,English,64,4.5,488.00
Breakfast at Tiffany's,Truman Capote,Michael C. Hall,NA,170,11-02-14,English,107,4,333.00
Feel-Good Productivity,Ali Abdaal,Ali Abdaal,NA,330,28-12-23,English,78,4.5,957.00
The Ikigai Journey (Hindi Edition),"Hector Garcia, Fransesc Miralles",Abhishek Sharma,Ikigai (Hindi Edition),399,14-12-22,Hindi,23,5,668.00
Network Effect,Martha Wells,Kevin R. Free,"Murderbot Diaries, Book 5",767,05-05-20,English,36,4.5,938.00
The Great Train Journey,Ruskin Bond,Ranvijay Pratap Singh,NA,215,01-03-23,English,24,4,139.00
Swami Vivekananda,Gautam Ghosh,Swetanshu Bora,NA,412,01-11-18,English,195,4.5,460.00
"Power, Sex, Suicide",Nick Lane,Nigel Patterson,NA,954,12-03-19,English,3,5,703.00
Dating Essentials for Men,Dr. Robert Glover,Robert Glover,NA,446,27-08-19,English,42,4.5,586.00
"HBR's 10 Must Reads on Managing Yourself, Vol. 2",Harvard Business Review,"Steve Menasche, Teri Schnaubelt",HBR's 10 Must Reads series,297,23-03-21,English,3,4.5,469.00
Apartment 239 (Hindi Edition),Elford Alley,Abhishek Sharma,NA,469,07-12-23,Hindi,0,0,0
Ruthless,Gina L. Maxwell,"Avery Reid, Aiden Snow","Playboys in Love, Book 2",464,12-04-22,English,3,5,586.00
How AI Thinks,Nigel Toon,Joe Jameson,NA,587,08-02-24,English,0,0,957.00
How to Enjoy Your Life and Your Job (Hindi Edition),Dale Carnegie,Siddharth Kulkarni,NA,362,26-10-21,Hindi,72,4.5,668.00
Sapiens,Yuval Noah Harari,Babla Kochhar,NA,1302,13-03-19,Hindi,395,5,284.00
Mahayoddha Kalki: Sword of Shiva,Kevin Missal,Manish Dongardive,"Kalki Trilogy, Book 3",570,24-01-22,English,168,4.5,668.00
When Women Ruled the World,Kara Cooney,Kara Cooney,NA,555,30-11-18,English,36,4.5,836.00
Timeless Tales for Kids,"E. Nesbit, Charles Dickens, Lewis Carroll, Rudyard Kipling","Alistair McGowan, Olivia Colman, Bill Nighy, Luke Evans, Russell Tovey, Elizabeth McGovern, Dominic Cooper","Treasure Island, Book 1, Alice in Wonderland, Book 1-2, Little Women, Book 1, Oz, Book 1",616,13-02-18,English,15,4.5,721.00
Sherlock Holmes and the Christmas Demon,James Lovegrove,Dennis Kleinman,NA,525,06-04-21,English,104,4.5,820.00
The Book of Wisdom,Osho,Osho,NA,2826,14-12-15,English,66,5,586.00
The Picture of Dorian Gray,Oscar Wilde,Stephen Fry,NA,316,22-08-17,English,49,4.5,668.00
He Felt Like a Storm (Hindi Edition),AnkSun,Alka Sharma,NA,1099,07-12-23,Hindi,12,5,0
Raghuvansh (Hindi Edition),Kalidas,Rishi Upadhyay,NA,316,14-10-21,Hindi,26,5,0
Sherlock Holmes and the Three Winter Terrors,James Lovegrove,Dennis Kleinman,NA,646,12-10-21,English,78,4.5,937.00
The Prophet,Khalil Gibrán,Arundhati Raja,NA,90,23-08-17,English,83,4.5,490.00
Sita's Sister,Kavita Kane,Hina Baxi,NA,694,01-01-17,English,32,4.5,284.00
Roald Dahl Reads Charlie and the Chocolate Factory and Four More Stories,Roald Dahl,Roald Dahl,"Charlie Bucket, Book 1",220,01-09-16,English,13,5,615.00
Buffett & Graham Se Seekhen Share Market Mein Invest Karna (Hindi Edition),Aryaman Dalmia,Parvez Quadir,NA,194,13-12-18,Hindi,32,4,266.00
The Buddha Said,Osho,Osho,NA,2157,28-07-16,English,128,5,586.00
To Love Jason Thorn,Ella Maise,"Lidia Dornet, Sebastian York",NA,680,12-04-16,English,17,4,820.00
Think like a Stoic,"Massimo Pigliucci, The Great Courses",Professor Massimo Pigliucci,NA,670,26-03-21,English,15,4.5,1171.00
Walking in Zen Sitting in Zen,OSHO,OSHO,NA,1595,24-02-22,English,16,5,586.00
HBR's 10 Must Reads on Mental Toughness,"Harvard Business Review, Martin E. P. Seligman, Tony Schwartz, Warren G. Bennis, Robert J. Thomas","Emily Durante, Tim Paige",HBR's 10 Must Reads series,270,24-12-19,English,24,4,586.00
The Dhandho Investor,Mohnish Pabrai,Neil Shah,NA,304,30-07-19,English,494,4.5,469.00
Godaan (Hindi Edition),Munshi Premchand,Sameer Goswami,NA,977,26-02-20,Hindi,506,5,205.00
Escaping the Build Trap,Melissa Perri,Erin deWard,NA,404,30-06-20,English,46,4.5,586.00
The Woman in White,Wilkie Collins,Ian Holm,NA,1477,27-08-10,English,28,4.5,987.00
"Life, the Universe, and Everything",Douglas Adams,Martin Freeman,"Hitchhiker's Guide to the Galaxy, Book 3",344,06-12-12,English,137,4.5,323.00
The Secret of Secrets,Osho,Osho,NA,3212,04-03-16,English,221,5,586.00
"The Essential Rumi, New Expanded Edition","Jalal ad-Din Muhammad Rumi, Coleman Barks - translator, John Moyne - translator, A. J. Arberry - translator, Reynold Nicholson - translator",Robertson Dean,NA,564,03-07-18,English,25,4.5,820.00
Twisted Games,Ana Huang,"Cindy Kay, Aiden Snow","Twisted, Book 2",794,28-06-22,English,77,4.5,703.00
Crime and Punishment,"Fyodor Dostoevsky, Constance Garnett - translator",Anthony Heald,NA,1228,03-12-07,English,245,4.5,1338.00
The Art of Critical Decision Making,"Michael A. Roberto, The Great Courses",Michael A. Roberto,The Great Courses: Business & Economics,742,08-07-13,English,76,4.5,1171.00
Falling in Love Again,Ruskin Bond,Manisha Sethi,NA,332,01-02-17,English,15,4.5,302.00
The Heart Sutra,Osho,Osho,NA,984,01-03-16,English,29,5,445.00
Sahir Ludhiyanvi,Sahir Ludhiyanvi,Manish Singhal,NA,153,19-09-19,Hindi,23,5,0
The Takedown,Lily Chu,Phillipa Soo,NA,655,02-11-23,English,11,4.5,1171.00
Sherlock Holmes: The Voice of Treason,"George Mann, Cavan Scott","Nicholas Boulton, Frances Jeater, Don Gilet, Kobna Holdbrook-Smith, Ivanno Jeremiah, Amy McAllister, full cast",NA,480,16-03-20,English,134,4.5,759.00
The Teacher,Freida McFadden,"Leslie Howard, Danny Montooth",NA,575,06-02-24,English,2,4.5,1641.00
The PCOD Thyroid Book,Rujuta Diwekar,Farah Bala,NA,359,01-01-17,English,61,4.5,284.00
The Chirkuts (Hindi Edition),Alok Kumar,Gautam Pandey,NA,249,13-12-18,Hindi,26,4,142.00
Those Who Wait,Haley Cass,Lori Prince,NA,1266,03-11-20,English,14,5,703.00
The Prophet,Kahlil Gibran,Riz Ahmed,NA,85,26-08-21,English,186,4.5,326.00
One Good Trade,Mike Bellafiore,Kevin Foley,NA,908,10-07-20,English,31,4.5,469.00
The Entrepreneur Roller Coaster,Darren Hardy,Darren Hardy,NA,428,22-01-19,English,179,4.5,608.00
Delegation & Supervision,Brian Tracy,Brian Tracy,NA,129,06-09-13,English,28,4.5,469.00
Meluha Ke Mritunjay [The Immortals of Meluha],Amish Tripathi,Swetanshu Bora,"Shiva Trilogy, Book 1",885,14-11-22,Hindi,69,4.5,210.00
"Ponniyin Selvan - Part 2 [The Son of Ponni, Part 2]",Kalki,Bombay Kannan,"பொன்னியின் செல்வன் [Ponniyin Selvan], Book 2",841,03-09-20,Tamil,508,5,118.00
Activate Your Vagus Nerve,Dr. Navaz Habib,Jonathan Yen,NA,312,25-06-19,English,38,4.5,469.00
Dracula [Audible Edition],Bram Stoker,"Alan Cumming, Tim Curry, Simon Vance, Katherine Kellgren, Susan Duerden, John Lee, Graeme Malcolm, Steven Crossley",NA,927,20-02-12,English,109,4.5,1003.00
Pudumaipithan Short Stories,Pudhumaipithan,K. Charles,NA,253,20-10-08,Tamil,18,5,468.00
How to Boost Your Physical and Mental Energy,"Kimberlee Bethany Bonura, The Great Courses",Kimberlee Bethany Bonura,The Great Courses: Better Living,377,21-08-15,English,12,5,501.00
The Whole Bible Story,Dr. William H. Marty,Jim Denison,NA,596,13-04-21,English,7,5,703.00
No Excuses!,Brian Tracy,Brian Tracy,NA,411,27-12-09,English,555,4.5,820.00
Lone Wolf,Gregg Hurwitz,Scott Brick,"An Orphan X Thriller, Book 9",792,15-02-24,English,0,0,1093.00
Split Second,David Baldacci,Scott Brick,"King and Maxwell, Book 1",696,20-04-17,English,17,4,323.00
The Invisible Best Friends (Hindi Edition),Jasreen Mand,Shreya Singh,NA,664,07-12-23,Hindi,6,4.5,0
Arabian Nights: Volume 2,Marty Ross,"David Ahmad, Raghad Chaar, Mandana Jones, Alyssa Kyria, Adam Sina, Josh Zare","Arabian Nights: An Audible Original Drama Series, Book 2",343,18-12-18,English,77,4.5,759.00
Silhouette (Hindi Edition),Hermyne Khaling,Pallavi Bharti,NA,871,07-12-23,Hindi,2,4.5,0
Sivagamiyin Sabatham (Tamil Edition),Kalki,Deepika Arun,NA,1733,06-12-22,Tamil,7,4.5,559.00
Dream With Your Eyes Open,Ronnie Screwvala,Ronnie Screwvala,NA,439,05-09-19,English,735,4.5,0
Think and Grow Rich,Napoleon Hill,"Napoleon Hill, Napoleon Hill Foundation",Nightingale-Conant: Achievement,460,14-10-14,English,136,4.5,1774.00
Utsav Amar Jati Anand Amar Gotra,OSHO,OSHO,NA,1071,26-05-17,Hindi,14,5,284.00
Do the New You,Steven Furtick,Steven Furtick,NA,582,13-02-24,English,1,5,500.00
The Contract,Melanie Moreland,"John Lane, Tatiana Sokolov","Contract Series, Book 1",523,11-10-16,English,38,4.5,891.00
Sukh Ki Khoj (Hindi),OSHO,OSHO,NA,109,01-03-16,Hindi,31,4.5,167.00
The Tales of Beedle the Bard,J.K. Rowling,"Warwick Davis, Noma Dumezweni, Jason Isaacs, Jude Law, Evanna Lynch, Sally Mortemore, Bonnie Wright","Wizarding World Collection, Hogwarts Library Books, Wizarding World",95,31-03-20,English,"1,147",4.5,652.00
Sense and Sensibility,Jane Austen,Rosamund Pike,Jane Austen's Novels,685,14-08-18,English,111,4.5,836.00
Anna Karenina,Leo Tolstoy,Maggie Gyllenhaal,NA,2135,12-07-16,English,137,4.5,1338.00
Naqaab,J. P. Pomare,Suchitra Pillai,Naqaab,476,11-08-22,Hindi,135,4.5,460.00
The Krishna Key,Ashwin Sanghi,Nikesh Patel,"Bharat, Book 3",744,01-01-17,English,350,4.5,322.00
Business Sutra,Devdutt Pattanaik,Shriram Iyer,NA,686,01-01-17,English,48,4.5,530.00
Percy Jackson and the Greek Gods,Rick Riordan,Jesse Bernstein,Percy Jackson and the Olympians,743,07-05-15,English,52,4.5,820.00
The Psychology of Selling,Brian Tracy,Brian Tracy,NA,378,30-12-12,English,48,4.5,586.00
The Hoodie Girl (Hindi Edition),Yuen Wright,Prachi Chaube,NA,514,07-12-23,Hindi,7,4.5,0
The Fourth Protocol,Frederick Forsyth,David Rintoul,NA,832,05-10-10,English,16,5,751.00
The Four Foundations of Mindfulness in Plain English,Bhante Henepola Gunaratana,Peter Wickham,"Mindfulness in Plain English, Book 0",322,14-04-16,English,18,4.5,668.00
101 Essays That Will Change the Way You Think,Brianna Wiest,Abby Craden,NA,645,21-08-18,English,97,4.5,586.00
Dom,S.J. Tilly,"Jack Calihan, Chloe Ryan","Alliance Series, Book 3",774,06-02-24,English,1,5,1507.00
Come with Me,Ronald Malfi,Joe Hempel,NA,685,20-07-21,English,9,5,703.00
The Little Book of Behavioral Investing,James Montier,Sean Pratt,NA,302,07-05-10,English,69,4.5,791.00
A Touch of Darkness,Scarlett St. Clair,Meg Sylvan,"Hades & Persephone, Book 1",666,30-06-20,English,36,4,586.00
The Power of Du'a,Aliyah Umm Raiyaan,Aliyah Umm Raiyaan,NA,423,15-02-24,English,0,0,957.00
Devi Bhagwat Puran,Dr. Vinay,Sarvesh Vyas,NA,433,19-07-21,Hindi,47,5,0
Why We Get Sick,Benjamin Bikman PhD,George Newbern,NA,414,21-07-20,English,104,4.5,773.00
Kulti,Mariana Zapata,Callie Dalton,NA,968,28-07-15,English,37,4.5,1172.00
Get Epic Shit Done,Ankur Warikoo,"Ankur Warikoo, Pallavi Bharti",NA,245,17-12-22,English,333,4.5,280.00
The Happy Hooker's Guide to Sex,Xaviera Hollander,Nicole Vilencia,NA,187,02-02-13,English,16,3.5,501.00
The First World War,Michael Howard,Dennis Kleinman,NA,244,27-07-21,English,2,4.5,469.00
An Elderly Lady Is Up to No Good,"Helene Tursten, Marlaine Delargy - Translated by",Suzanne Toren,"Elderly Lady, Book 1",192,11-06-19,English,32,4.5,351.00
Great Stories for Children,Ruskin Bond,Adnan Kapadia,NA,268,01-01-17,English,187,4.5,191.00
The Secret of the Druids (Hindi Edition),Christopher Charles Doyle,Aditya Raj Sharma,NA,775,16-06-23,Hindi,9,4.5,0
The Friction Project,"Robert I. Sutton, Huggy Rao",Sean Patrick Hopkins,NA,524,15-02-24,English,0,0,957.00
Indra Nooyi - A Biography,Annapoorna,Mala Mangla,NA,254,14-10-21,English,376,4.5,0
Charlie and the Chocolate Factory,"Roald Dahl, Quentin Blake - illustrator",David Tennant,"Charlie Bucket, Book 1",195,08-02-24,English,0,0,615.00
HBR's 10 Must Reads on Reinventing HR,"Harvard Business Review, Marcus Buckingham, Reid Hoffman, Ram Charan, Peter Cappelli","Rick Adamson, Emily Ellet",HBR's 10 Must Reads series,374,24-12-19,English,8,4.5,586.00
"Master Your Time, Master Your Life",Brian Tracy,Brian Tracy,NA,242,11-10-16,English,70,4.5,586.00
Ramayana Versus Mahabharata,Devdutt Pattanaik,Surjan Singh,NA,313,19-11-19,English,132,4.5,251.00
The Monk Who Sold His Ferrari (Hindi),Robin Sharma,Vikrant Chaturvedi,NA,542,01-03-18,Hindi,348,5,218.00
White Sand: Volume One [Dramatized Adaptation],Brandon Sanderson,"Terence Aselford, Alexander Strain, Dawn Ursula, Jason B. McIntosh, Frank Britton, Yasmin Tuazon, Holly Vagley, Peter Holdway, Paul Reisman, KenYatta Rogers, Bradley Smith, Eric Messner, Duyen Washington, Jacob Yeh, full cast","White Sand, Book 1",323,17-10-20,English,5,4,703.00
The Art of Closing the Sale,Brian Tracy,Brian Tracy,NA,266,07-05-10,English,37,5,791.00
Sufis: The People of the Path Vol. 1,Osho,Osho,NA,1559,11-09-19,English,14,4.5,445.00
Sherlock Holmes and the Beast of the Stapletons,James Lovegrove,Dennis Kleinman,NA,549,09-03-21,English,51,4,820.00
Keepers of the Kalachakra (Hindi Edition),Ashwin Sanghi,Pankaj Kalra,NA,791,31-10-23,Hindi,5,4,836.00
My Life as a Quant,Emanuel Derman,Peter Ganim,NA,690,09-07-20,English,8,4,836.00
Thinking Big,"Zig Ziglar, Les Brown, Larry Iverson, Laura Stack, Bob Proctor, Marcia Wieder, Chris Widener, Sheila Murray Bethel, Mark Sanborn","Zig Ziglar, Les Brown, Larry Iverson, Laura Stack, Bob Proctor, Marcia Wieder, Chris Widener, Sheila Murray Bethel, Mark Sanborn",NA,786,22-11-16,English,35,4.5,937.00
Understanding Economics,"Jay R. Corrigan, The Great Courses",Jay R. Corrigan,NA,339,26-02-21,English,22,4.5,333.00
Shakti Rising,"Kavitha M. Chinnaiyan MD, Greg Goode - foreword",Leslie Howard,NA,491,31-03-20,English,9,5,586.00
Confessions of an Economic Hitman,John Perkins,Brian Emerson,NA,556,28-04-05,English,63,4.5,656.00
Forbidden Desires,Madhuri Banerjee,Deepti Gupta,NA,473,01-01-17,English,46,4,308.00
Always Only You,Chloe Liese,"CJ Bloom, Nelson Hobbs","Bergman Brothers, Book 2",618,02-12-20,English,7,4.5,586.00
Exit Strategy,Martha Wells,Kevin R. Free,"Murderbot Diaries, Book 4",226,02-10-18,English,40,4.5,469.00
The Time Traveler's Wife,Audrey Niffenegger,"Fred Berman, Phoebe Strole",NA,1058,08-05-06,English,54,4.5,937.00
Banaras Talkies (Hindi Edition),Satya Vyas,Parvez Gauhar,NA,360,29-10-18,Hindi,114,4.5,154.00
Winning the Loser's Game,Charles D. Ellis,Andrew B. Wehrlen,NA,397,10-08-21,English,4,5,586.00
A Quiet Life in 7 Steps,Susan Cain,Susan Cain,NA,278,11-01-24,English,4,5,836.00
"The History of the United States, 2nd Edition","The Great Courses, Allen C. Guelzo, Gary W. Gallagher, Patrick N. Allitt","Allen C. Guelzo, Gary W. Gallagher, Patrick N. Allitt",The Great Courses: Modern History,2603,08-07-13,English,6,4,2008.00
The Gita for Children,Roopa Pai,Sagar Arya,NA,470,19-03-17,English,75,4.5,335.00
The Dragon's Blade Trilogy,Michael R. Miller,Dave Cruse,"Dragon's Blade, Book 1-3",2758,07-08-19,English,19,4.5,1003.00
Dracula,Bram Stoker,"Patricia Allison, Rachel Atkins, Daisy Edgar-Jones, Jason Forbes, Theo James, Harry Myers, Himesh Patel, Jason Watkins, Richard Reed",NA,1105,21-10-21,English,14,5,873.00
The Devil's Alternative,Frederick Forsyth,David Rintoul,NA,974,20-01-13,English,27,4.5,820.00
That Night (Hindi Edition),Nidhi Upadhyay,Pallavi Bharti,NA,466,22-08-23,Hindi,18,4,668.00
The Strength In Our Scars,Bianca Sparacino,Rachel L. Jacobs,NA,130,28-07-20,English,26,4.5,234.00
The Secret Wish List,Preeti Shenoy,Deepti Gupta,NA,462,01-01-17,English,83,4.5,243.00
50 Psychology Classics,Tom Butler-Bowdon,Lloyd James,NA,744,07-02-07,English,12,5,703.00
Saty Ke Prayog [The Story of My Experiments with Truth],Mohandas K. Gandhi,Kafeel Jafri,NA,1077,14-10-21,Hindi,27,4.5,0
The Psychology of Money (Marathi Edition),Morgan Housel,Sachin Suresh,NA,530,12-09-23,Hindi,9,5,668.00
Persuader,Lee Child,Jeff Harding,"Jack Reacher, Book 7",856,09-11-17,English,46,4.5,957.00
Genome,Matt Ridley,Paul Matthews,NA,867,24-11-17,English,28,5,746.00
24 Hours in Paris (Hindi Edition),Romi Moondi,Jasleen Bhalla,NA,592,07-12-23,Hindi,2,3,0
"Change Your Thinking, Change Your Life",Brian Tracy,Brian Tracy,NA,537,30-05-14,English,16,5,820.00
33 Strategies of War,Robert Greene,Donald Coren,NA,1650,22-07-15,English,57,5,820.00
The Future of Humanity,Michio Kaku,Feodor Chin,NA,742,28-02-18,English,61,4.5,820.00
Thou Shall Prosper,Rabbi Daniel Lapin,A.C. Fellner,NA,1073,17-07-20,English,14,4.5,836.00
Bentley,Melanie Moreland,"Maxine Mitchell, John Lane","Vested Interest Series, Book 1",443,17-04-18,English,8,4.5,586.00
The Complete George Smiley Radio Dramas,John le Carré,"full cast, Simon Russell Beale","Smiley Radio Plays, Book 1-8",1139,02-06-16,English,19,4.5,1093.00
Daylight,David Baldacci,"Brittany Pressley, Kyf Brewer","John Puller, Book 5, An Atlee Pine Thriller, Book 3",696,12-11-20,English,20,4.5,323.00
The Diary of a Young Girl (Marathi Edition),Anne Frank,Madhavi Ganpule,NA,856,31-10-23,Hindi,2,5,836.00
Do It Now: Overcoming Procrastination,"Fuschia Sirois, The Great Courses",Fuschia Sirois,NA,251,02-09-21,English,117,4.5,836.00
Satyayoddha Kalki: Eye of Brahma,Kevin Missal,Manish Dongardive,"Kalki Trilogy, Book 2",721,22-12-21,English,148,4.5,836.00
H.G. Wells: The Science Fiction Collection,H. G. Wells,"Hugh Bonneville, Jason Isaacs, Sophie Okonedo, David Tennant, Alexander Vlahos, Eli Roth - introduction",NA,1635,11-04-19,English,50,4.5,1898.00
The Fabric of the Cosmos,Brian Greene,Michael Prichard,NA,1356,12-02-04,English,25,5,1633.00
Anandmath (Hindi Edition),Bankim Chandra Chattopadhyay,Rishi Upadhyay,NA,359,19-07-21,Hindi,63,4.5,0
"Harry Potter and the Chamber of Secrets, Book 2",J.K. Rowling,Stephen Fry,"Harry Potter, Book 2, Wizarding World, Book 2",583,20-11-15,English,"1,124",5,999.00
Kamayani (Hindi Edition),Jaishankar Prasad,Kafeel Jafri,NA,233,14-10-21,Hindi,7,4.5,0
Dhyan Niyam [Meditation Rules],Sirshree,Ravinderr Singh,NA,383,09-06-20,Hindi,5,4.5,350.00
Whispering in the Dark ,Ruskin Bond,Uplaksh Kochhar,NA,366,11-12-18,English,3,4.5,314.00
Deep Work (Marathi Edition),Cal Newport,Aniket Khadye,NA,596,16-11-23,Hindi,0,0,668.00
Annihilation of Caste (Marathi Edition),B. R. Ambedkar,Sagar Kadam,NA,216,26-09-23,Hindi,4,5,501.00
Turbulence,E. J. Noyes,Abby Craden,NA,550,02-11-19,English,5,4.5,703.00
Homo Deus (Marathi Edition),Yuval Noah Harari,Milind Phatak,NA,1049,13-12-23,Hindi,1,5,1003.00
The Metamorphosis,Franz Kafka,Ralph Cosham,NA,123,27-04-11,English,277,4,333.00
The Last Straw,Jeff Kinney,Dan Russell,"Diary of a Wimpy Kid, Book 3",157,29-03-18,English,31,4.5,410.00
Financial Intelligence,"Karen Berman, Joe Knight",Tom Zingarelli,NA,440,13-05-15,English,21,5,938.00
Fifty Shades of Grey (Hindi Edition),E. L. James,Riddhi Dave,"Fifty Shades of Grey (Hindi Edition), Book 1",1308,19-07-21,Hindi,26,4,1171.00
French Women Don't Get Fat,Mireille Guiliano,Kathe Mazur,NA,441,16-01-14,English,7,4.5,683.00
Ponniyin Selvan,Kalki,Deepika Arun,பொன்னியின் செல்வன் [Ponniyin Selvan] (Unabridged),3697,08-03-23,Tamil,8,5,699.00
A Political History of the World,Jonathan Holslag,Roy McMillan,NA,905,25-10-18,English,26,4.5,820.00
The Jane Austen Collection,Jane Austen,"Claire Foy, Gugu Mbatha-Raw, Billie Piper, Florence Pugh, Emma Thompson",NA,2700,05-11-20,English,61,4.5,1518.00
"Zen, The Path of Paradox (Vol.1)",OSHO,OSHO,NA,984,01-10-19,English,12,5,445.00
In the Buddha's Words,Bhikkhu Bodhi - editor and translator,Fajer Al-Kaisi,NA,1121,29-07-16,English,13,4.5,1003.00
Animal Farm (Hindi Edition),George Orwell,Prateek Datha Sharma,NA,234,26-10-21,Hindi,97,4.5,501.00
A New Way to Think,Roger L. Martin,Stephen R. Thorne,NA,478,10-05-22,English,4,5,586.00
Sunny Days,Sunil Gavaskar,Avinash Kumar Singh,NA,582,10-05-18,English,17,4,0
And Then She Vanished,Nick Jones,Ray Porter,"The Joseph Bridgeman Series, Book 1",547,02-02-21,English,81,4.5,820.00
The Artificial Intelligence and Generative AI Bible,Alger Fraley,Ralph Mitchell,NA,331,01-02-24,English,0,0,586.00
Yours Raven (Hindi Edition),Hermyne Khaling,Riddhi Thakker,NA,948,13-10-22,Hindi,15,4.5,0
Everything Is F--ked (Hindi Edition),Mark Manson,Anamaya Verma,The Subtle Art of Not Giving a F*ck,598,29-09-23,Hindi,3,5,668.00
Atomic Habits,James Clear,James Clear,NA,335,18-10-18,English,"16,506",5,820.00
"Walk Without Feet, Fly Without Wings and Think Without Mind",Osho,Osho,NA,832,30-11-17,English,13,5,445.00
Taken at the Flood (Dramatised),Agatha Christie,John Moffatt,"Hercule Poirot (Radio, TV), Book 28",132,10-09-10,English,17,4.5,410.00
Who Will Cry When You Die? (Hindi),Robin Sharma,Vikrant Chaturvedi,NA,309,20-02-18,Hindi,225,4.5,203.00
The Ultimate Brian Tracy Library,Brian Tracy,Brian Tracy,Nightingale-Conant: Personal Development,983,30-04-18,English,172,5,2008.00
Mudrarakshas [Currency Monster],Vishakdutt,Avdhesh Tondak,NA,239,15-06-22,Hindi,11,5,0
Alokik Shakti Ke Chamatkar [Psychic Perception:The Magic of Extrasensory Power],Dr. Joseph Murphy,NandKishore Pandey,NA,543,11-11-19,Hindi,27,4.5,212.00
Maut Ke Bad Kuchh Nahin (Hindi Edition),James Hadley Chase,Manish Dongardive,NA,446,19-07-21,Hindi,37,3.5,668.00
To All the Boys I've Loved Before,Jenny Han,Ali Ahn,"To All the Boys I've Loved Before, Book 1",524,14-01-20,English,36,4.5,820.00
Prahlad,Kevin Missal,Rajat Verman,"The Narasimha Trilogy, Book 3",446,20-03-23,English,10,3.5,199.00
Kadal Pura - Part 3,Sandilyan,Bombay Kannan,"Kadal Pura [Sea Pigeon], Book 3",1143,29-12-20,Tamil,98,5,118.00
The Power of Your Subconscious Mind,Dr. Joseph Murphy,Sean Pratt,NA,477,15-11-16,English,159,4.5,351.00
The Whistling Schoolboy and Other Stories of School Life,Ruskin Bond,Adnan Kapadia,NA,172,01-01-17,English,16,5,217.00
Naina (Hindi Edition),Sanjeev Paliwal,Richa Sayal,NA,657,17-02-20,Hindi,56,4,284.00
Peppa Pig: Once Upon a Time,Ladybird,John Sparkes,Peppa Pig,59,28-01-16,English,35,5,410.00
Why I Am a Hindu,Shashi Tharoor,Andrew Hoffland,NA,782,12-05-23,English,57,3.5,836.00
The Tower of Nero,Rick Riordan,Robbie Daymond,"The Trials of Apollo, Book 5",732,06-10-20,English,92,5,615.00
The Perfect Son,Freida McFadden,"Suzie Althens, Daniel Thomas May",NA,478,29-03-22,English,30,4,586.00
For the Love of Physics,"Walter Lewin, Warren Goldstein",Kent Cassella,NA,611,01-08-11,English,27,5,938.00
"Swing Trading for Dummies, 2nd Edition",Omar Bassal CFA,Michael Butler Murray,NA,705,16-07-19,English,11,4.5,703.00
The Writer on the Hill,Ruskin Bond,Sagar Arya,NA,920,20-02-17,English,19,4.5,284.00
Death on the Nile,Agatha Christie,Kenneth Branagh,"The Colonel Race Series, Book 3, Hercule Poirot Mysteries, Book 17",494,30-06-20,English,86,4.5,607.00
No Calculator? No Problem!,"Art Benjamin, The Great Courses",Art Benjamin,NA,346,17-09-19,English,29,5,1003.00
The Bed of Procrustes,Nassim Nicholas Taleb,Sean Pratt,Incerto,101,30-12-10,English,52,4.5,469.00
Million Dollar Habits,Robert Ringer,Bruce Reizen,NA,444,14-02-14,English,26,4.5,668.00
Percy Jackson and the Greek Heroes,Rick Riordan,Jesse Bernstein,Percy Jackson and the Olympians,946,06-08-15,English,33,4.5,820.00
"Harry Potter and the Goblet of Fire, Book 4",J.K. Rowling,Stephen Fry,"Wizarding World, Book 4, Harry Potter, Book 4",1254,20-11-15,English,876,5,1599.00
Orwell Collection,George Orwell,Stephen Fry,NA,978,12-01-21,English,250,4.5,1138.00
Case No 56,Chandrashekar Nagawaram,Vikrant Chaturvedi,NA,367,25-11-22,English,23,4.5,668.00
The Mists of Brahma,Christopher C. Doyle,Kaushik Ramachandran,"The Pataala Prophecy, Book 2",664,31-01-20,English,51,4.5,375.00
The Secret,Osho,Osho,NA,2215,10-02-22,English,8,5,445.00
Chapterhouse Dune,Frank Herbert,"Euan Morton, Katherine Kellgren, Scott Brick, Simon Vance","Dune, Book 6",1002,17-02-09,English,8,4.5,221.00
Midnights with The Mystic,"Cheryl Simone, Jaggi Vasudev (Sadhguru)","Cheryl Somone, Sadhguru Jaggi Vasude",NA,414,17-09-10,English,419,4.5,703.00
Mother of Learning Arc 2,"nobody103, Domagoj Kurmaic",Jack Voraces,"Mother of Learning, Book 2",1511,17-05-22,English,7,5,2010.00
Summary of The Power of Now (Hindi Edition),Audiomatic.in,Vijayta Saran,NA,28,13-12-23,Hindi,0,0,79.00
World Without End,Ken Follett,John Lee,"The Kingsbridge Novels, Book 2, Kingsbridge (Publication Order), Book 2",2734,19-10-10,English,39,4.5,323.00
It Happened in India,Biyani Kishore,Shantiraj,NA,501,09-01-17,English,21,4,308.00
"Change Your Schedule, Change Your Life","Dr. Suhas Kshirsagar, Michelle Seaton, Deepak Chopra - foreword",Lesa Lockford,NA,488,30-01-18,English,35,4.5,1172.00
Dragon Planet,Dan Wells,"Emily Woo Zeller, Steve Rimpici, Margaret Ying Drake, full cast","The Zero Chronicles, Book 2",225,12-12-19,English,53,4.5,836.00
How to Be Heard,Julian Treasure,Julian Treasure,NA,749,09-03-18,English,12,4.5,820.00
This Is Me Letting You Go,Heidi Priebe,Devon Sorvari,NA,162,29-01-19,English,12,4,351.00
Uneven Justice,Raj Rajaratnam,Asa Siegel,NA,783,14-12-21,English,7,5,586.00
Someone Who Will Love You in All Your Damaged Glory,Raphael Bob-Waksberg,"Raphael Bob-Waksberg, Full Cast, Nicholas Gonzalez, Colman Domingo, Natalie Morales, Raúl Esparza, Will Brill, Stephanie Beatriz, Emma Galvin",NA,365,11-06-19,English,13,4,879.00
If He Had Been with Me,Laura Nowlin,Gina Rogers,NA,517,22-12-20,English,30,4,586.00
Rigveda,Raj Bahadur Pandey,Swetanshu Bora,NA,470,19-07-21,Hindi,26,4,0
Marketing 4.0,"Philip Kotler, Hermawan Kartajaya, Iwan Setiawan",Jonathan Todd Ross,NA,288,28-05-19,English,141,4.5,469.00
Everything Is F--ked (Marathi Edition),Mark Manson,Krunal Alve,NA,622,31-10-23,Hindi,0,0,836.00
Eating in the Age of Dieting,Rujuta Diwekar,Prachi Chaube,NA,543,18-06-21,English,68,4.5,668.00
Running on Empty,"Christine Musello PsyD, Jonice Webb PhD",Karen White,NA,466,25-06-15,English,9,4.5,820.00
Peevat Ram Ras Lagi Khumari,OSHO,OSHO,NA,812,26-05-17,Hindi,10,5,284.00
"Develop Self-Confidence, Improve Public Speaking",Dale Carnegie,Avinash Kumar Singh,NA,452,25-07-18,English,39,4,119.00
The Butcher's Masquerade,Matt Dinniman,Jeff Hays,"Dungeon Crawler Carl, Book 5",1413,26-05-22,English,12,5,1003.00
Roads to Mussoorie,Ruskin Bond,Fred Stella,NA,185,18-01-17,English,30,4.5,186.00
Nirvana: the Last Nightmare,Osho,Osho,NA,952,01-03-16,English,7,5,445.00
The Essence of the Bhagavad Gita,Swami Kriyananda,Swami Kriyananda,NA,1187,04-05-07,English,51,4.5,843.00
Value Investing (Second Edition),"Bruce C. Greenwald, Judd Kahn, Erin Bellissimo, Mark Cooper, Tano Santos",Timothy Andrés Pabon,NA,1106,17-12-20,English,3,4.5,703.00
Dhan ko Akarshit Kaise Kare [How to Attract Money],Dr. Joseph Murphy,Sanyam Sharma,NA,128,26-02-19,Hindi,95,4.5,170.00
Hotel,Arthur Hailey,Chris Abernathy,NA,917,17-03-20,English,43,4.5,703.00
Tom Gates is Absolutely Fantastic (At Some Things),Liz Pichon,Rupert Grint,"Tom Gates, Book 5",133,08-09-15,English,6,4.5,531.00
The Oscar Wilde BBC Radio Drama Collection,Oscar Wilde,"Miriam Margolyes, Judi Dench, Diana Rigg, Michael Sheen, full cast, Martin Jarvis, Martin Clunes, Ian McKellen, Stephen Fry, Simon Russell Beale",NA,718,04-04-19,English,19,4.5,957.00
Megaliving (Hindi),Robin Sharma,Vikrant Chaturvedi,NA,564,22-02-18,Hindi,56,4.5,263.00
The Magic of Self-Respect,Osho,Osho,NA,1756,22-08-16,English,56,5,445.00
The Negotiator,Frederick Forsyth,Steven Pacey,NA,1053,01-08-13,English,43,4.5,797.00
The Little Book of Trading,Michael Covel,Sean Pratt,NA,278,22-09-11,English,41,4.5,703.00
The Boy on the Bridge (Hindi Edition),Darcy,Amit Deondi,NA,659,07-12-23,Hindi,1,5,0
Be a Sales Superstar,Brian Tracy,Brian Tracy,NA,160,10-12-13,English,17,4.5,117.00
Dharma,Amish Tripathi,Kanchan Wadi,NA,266,09-09-22,English,29,4,501.00
Pratisad (Marathi Edition),Manoj Ambike,Prasad Phanse,NA,864,17-02-23,Hindi,19,5,836.00
Jagaran (Hindi),OSHO,OSHO,NA,116,01-03-16,Hindi,11,5,167.00
Poirot's Finest Cases,Agatha Christie,"Full Cast, John Moffat",NA,937,16-10-14,English,452,4.5,1093.00
Kaam Kala Ke Bhed [Difference of Art],Acharya Chatursen,Kabeer,NA,356,14-10-21,Hindi,8,4.5,0
50 Greatest Short Stories,"Terry O'Brien - editor, Terry O'Brien - introduction","Fajer Al-Kaisi, Deepti Gupta",NA,1332,01-01-17,English,9,3.5,251.00
May Cause Miracles,Gabrielle Bernstein,Gabrielle Bernstein,NA,340,01-01-13,English,11,4.5,754.00
Why We Remember,Charan Ranganath,"Charan Ranganath, Mark Deakins",NA,438,20-02-24,English,0,0,1025.00
The Confident Mind,Nathaniel Zinsser,Qarie Marshall,NA,634,27-01-22,English,3,4.5,888.00
Troy,Stephen Fry,Stephen Fry,"The Mythos Volumes, Book 3",659,29-10-20,English,233,5,1093.00
Mindfulness in Plain English,Bhante Henepola Gunaratana,Edoardo Ballerini,"Mindfulness in Plain English, Book 1",372,24-05-16,English,137,4.5,668.00
Ecstasy: The Forgotten Language,Osho,Osho,NA,915,30-06-20,English,11,5,422.00
An Era of Darkness,Shashi Tharoor,Sagar Arya,NA,746,26-01-17,English,251,4.5,586.00
Kundalini Meditation,Harijiwan Khalsa,Harijiwan Khalsa,NA,140,05-02-10,English,10,4,586.00
For We Are Many,Dennis E. Taylor,Ray Porter,"Bobiverse, Book 2",539,18-04-17,English,108,5,668.00
Night Train at Deoli (Hindi Edition),Ruskin Bond,Mansi Multani,NA,403,24-12-18,Hindi,38,4.5,278.00
"The Science of Effective Communication: Improve Your Social Skills and Small Talk, Develop Charisma and Learn How to Talk to Anyone",Ian Tuhovsky,Randy Streu,"Positive Psychology Coaching Series, Book 15",275,22-01-18,English,54,4.5,501.00
Charitra (Hindi),OSHO,OSHO,NA,102,01-03-16,Hindi,12,5,167.00
Ambedkar's India,B.R. Ambedkar,Mishal Varma,NA,272,04-04-22,English,279,4.5,501.00
A Second Chance,Sudeep Nagarkar,Harish Moily,NA,403,23-03-21,English,29,4,668.00
Narasimha,Kevin Missal,Rajat Verman,"The Narasimha Trilogy, Book 1",599,14-10-21,English,84,4,668.00
Learn English: Word Power 101,Innovative Language Learning,EnglishClass101.com,"Absolute Beginner English, Book 1",37,17-08-12,English,89,3.5,0
The Easy Way to Control Alcohol,Allen Carr,Richard Mitchley,NA,486,30-09-13,English,30,5,759.00
A Place of Greater Safety,Hilary Mantel,Jonathan Keeble,NA,2033,22-04-13,English,2,4.5,1242.00
Parthiban Kanavu,Kalki,Deepika Arun,NA,616,01-02-23,Tamil,7,4.5,349.00
Rich Dad Poor Dad: 20th Anniversary Edition,Robert T. Kiyosaki,Tom Parks,Rich Dad Series,502,14-05-19,English,"1,100",4.5,844.00
My Twisted Love Story,Arun Singh,Nathan Dsouza,NA,257,14-06-23,English,5,5,501.00
The Fall and Rise of China,"Richard Baum, The Great Courses",Richard Baum,The Great Courses: Modern History,1448,08-07-13,English,24,4.5,1774.00
Anne of Green Gables,Lucy Maud Montgomery,Rachel McAdams,"Anne of Green Gables, Book 1",562,22-11-16,English,73,5,836.00
Underlord,Will Wight,Travis Baldree,"Cradle, Book 6",642,25-09-19,English,10,5,836.00
Overcoming Anticipatory Anxiety,"Sally M. Winston PsyD, Martin N. Seif PhD",Linda Jones,NA,362,19-07-22,English,2,4.5,586.00
The Case of the Substitute Face,Erle Stanley Gardner,Alexander Cendese,"Perry Mason, Book 12",410,27-12-15,English,4,5,844.00
The Tyrant’s Tomb,Rick Riordan,Robbie Daymond,"The Trials of Apollo, Book 4",802,24-09-19,English,69,5,820.00
He Who Fights with Monsters: A LitRPG Adventure,"Shirtaloon, Travis Deverell",Heath Miller,"He Who Fights with Monsters, Book 1",1736,09-03-21,English,28,5,2010.00
The Last Law of Attraction Book You’ll Ever Need to Read,Andrew Kap,Andrew Kap,NA,269,01-04-20,English,31,4.5,501.00
Thuppariyum Sambu Part 2 (Tamil Edition),Devan,Bombay Kannan,"துப்பறியும் சாம்பு [Thuppariyum Sambu], Book 2",149,18-05-21,Tamil,24,5,62.00
Twisted Love,Ana Huang,"Cindy Kay, Aiden Snow","Twisted, Book 1",641,07-06-22,English,136,4,703.00
Siddhartha (Hindi Edition),Herman Hesse,Mukesh Pandey,NA,311,15-02-19,Hindi,131,4.5,188.00
Dark Russian Angel,Odette Stone,"Madeleine Dauer, Alex Kydd","The Vancouver Mafia Romance, Book 1",613,29-09-20,English,8,4.5,586.00
"Harry Potter and the Prisoner of Azkaban, Book 3",J.K. Rowling,Stephen Fry,"Harry Potter, Book 3, Wizarding World, Book 3",723,20-11-15,English,994,5,999.00
Interview with the Robot,Lee Bacon,"Kevin T. Collins, Ellen Archer, Josh Hurley, Eileen Stevens, Erin Mallon, Jonathan Davis, Stephen Bel Davies",NA,222,02-01-20,English,136,4.5,199.00
Mistletoe Murders 2,Ken Cuperus,"Cobie Smulders, Raymond Ablack, Anna Cathcart, Jean Yoon, Enrico Colantoni, Kevin Hanchard, full cast","Mistletoe Murders, Book 2",228,08-11-23,English,23,5,648.00
Wuthering Heights,Emily Brontë,Shernaz Patel,NA,788,22-05-19,English,194,4,284.00
Breaking the Cycle,"George Collins MA, Andrew Adleman",Sean Pratt,NA,382,17-11-15,English,30,5,703.00
Shreshthata Ka Manovigyan (Hindi),OSHO,OSHO,NA,94,01-03-16,Hindi,27,4.5,167.00
Rewire Your OCD Brain,"Catherine M. Pittman PhD, William H. Youngs PhD",Kitty Hendrix,NA,450,01-06-21,English,7,5,586.00
"The Lost Art of Listening, Second Edition",Michael P. Nichols PhD,Sean Runnette,NA,693,25-10-16,English,7,4.5,938.00
Babylonin Migapperiya Panakkarar [The Richest Man in Babylon (Tamil)],ஜார்ஜ் எஸ் கிளாசன்,Rajesh Ganesapillai,NA,290,03-07-23,Tamil,3,5,48.00
The Monogram Murders,"Sophie Hannah, Agatha Christie",Julian Rhind-Tutt,"Hercule Poirot Mysteries, Book 42, New Hercule Poirot Mysteries, Book 1",673,09-09-14,English,17,4,1575.00
The Girl Who Kicked the Hornets' Nest,Stieg Larsson,Saul Reichlin,"Millennium Series, Book 3",1506,20-10-09,English,86,4.5,949.00
Ghost Stories of Shimla Hills,Minakshi Chaudhry,Shaheen Khan,NA,211,01-01-17,English,18,3.5,217.00
Braiding Sweetgrass,Robin Wall Kimmerer,Robin Wall Kimmerer,NA,1004,27-12-15,English,14,4.5,1172.00
Yes Minister & Yes Prime Minister - The Complete Audio Collection,"Antony Jay, Jonathan Lynn","Paul Eddington, full cast, Nigel Hawthorn","Yes Minister, Yes Prime Minister",1108,28-07-14,English,116,5,1093.00
Secrets of Super Success (Hindi Edition),Subhash Lakhotia,Trishaan,NA,254,19-07-21,Hindi,6,4.5,0
Notes From a Small Island,Bill Bryson,William Roberts,NA,629,10-01-06,English,18,4,751.00
At the Eleventh Hour,Pandit Rajmani Tigunait Ph.D.,D. C. Rao Ph.D.,NA,1061,05-04-13,English,54,5,445.00
"Always and Forever, Lara Jean",Jenny Han,Ali Ahn,"To All the Boys I've Loved Before, Book 3",527,14-01-20,English,27,4.5,820.00
Peppa Pig: On the Road with Peppa,John Sparkes,John Sparkes,Peppa Pig,62,26-05-16,English,27,4.5,410.00
